<?xml version="1.0" encoding="utf-8"?>
<xd:acceleratorMap xmlns:xd="http://www.xilinx.com/xidane" xd:functionName="counterip" xd:componentRef="counterip" xd:initiationInterval="x" xd:clockPeriod="10.000" xd:sequential="true" xd:hostMachine="64" xd:reset="control">
  <xd:controlReg xd:name="control" xd:interfaceRef="s_axi_config" xd:busTypeRef="axilite" xd:type="generic_axi_lite" xd:offset="0x0"/>
  <xd:arg xd:name="data_out-&gt;data" xd:originalName="data_out" xd:direction="out" xd:interfaceRef="data_out" xd:busTypeRef="axis" xd:dataWidth="32"/>
  <xd:arg xd:name="data_out-&gt;keep" xd:originalName="data_out" xd:direction="out" xd:interfaceRef="data_out" xd:busTypeRef="axis" xd:dataWidth="4"/>
  <xd:arg xd:name="data_out-&gt;strb" xd:originalName="data_out" xd:direction="out" xd:interfaceRef="data_out" xd:busTypeRef="axis" xd:dataWidth="4"/>
  <xd:arg xd:name="data_out-&gt;user" xd:originalName="data_out" xd:direction="out" xd:interfaceRef="data_out" xd:busTypeRef="axis" xd:dataWidth="1"/>
  <xd:arg xd:name="data_out-&gt;last" xd:originalName="data_out" xd:direction="out" xd:interfaceRef="data_out" xd:busTypeRef="axis" xd:dataWidth="1"/>
  <xd:arg xd:name="data_out-&gt;id" xd:originalName="data_out" xd:direction="out" xd:interfaceRef="data_out" xd:busTypeRef="axis" xd:dataWidth="1"/>
  <xd:arg xd:name="data_out-&gt;dest" xd:originalName="data_out" xd:direction="out" xd:interfaceRef="data_out" xd:busTypeRef="axis" xd:dataWidth="1"/>
  <xd:arg xd:name="beats" xd:originalName="beats" xd:direction="in" xd:interfaceRef="s_axi_config" xd:busTypeRef="axilite" xd:offset="0x10" xd:handshakeRef="ap_none" xd:dataWidth="32"/>
  <xd:arg xd:name="start" xd:originalName="start" xd:direction="in" xd:interfaceRef="s_axi_config" xd:busTypeRef="axilite" xd:offset="0x18" xd:handshakeRef="ap_none" xd:dataWidth="32"/>
  <xd:latencyEstimates xd:best-case="undef" xd:worst-case="undef" xd:average-case="undef"/>
  <xd:resourceEstimates xd:LUT="626" xd:FF="342" xd:BRAM="0" xd:DSP="0"/>
</xd:acceleratorMap>
